{"cameraMode":{"drawMode":0,"name":"Shaded","section":"Shading Mode"},"sceneLighting":true,"audioPlay":false,"sceneViewState":{"m_AlwaysRefresh":false,"showFog":true,"showSkybox":true,"showFlares":true,"showImageEffects":true,"showParticleSystems":true,"showVisualEffectGraphs":true,"m_FxEnabled":true},"in2DMode":false,"pivot":{"x":36.991416931152347,"y":-3.5067176818847658,"z":-42.935237884521487},"rotation":{"x":-0.07491547614336014,"y":-0.7648217082023621,"z":0.09031687676906586,"w":-0.6335257887840271},"size":29.704797744750978,"orthographic":false}